{
  "with_conflict": {
    "directional_accuracy": 0.5423340961098398,
    "rmse": 0.3960642542675506,
    "correlation": 0.18620821864475487,
    "total_return": 0.19701679866121546,
    "sharpe_ratio": 0.7308590250298574,
    "max_drawdown": -0.1258490689850741
  },
  "without_conflict": {
    "directional_accuracy": 0.540045766590389,
    "rmse": 0.394623637700459,
    "correlation": 0.18683745115877654,
    "total_return": 0.19701679866121546,
    "sharpe_ratio": 0.7308590250298574,
    "max_drawdown": -0.1258490689850741
  }
}